--
-- PostgreSQL database dump
--

\restrict StyXzbTlREqBEthYs0BRlarTEAg1cdts5otHGcy50gYVZ4e6JUchOxvJynui4uk

-- Dumped from database version 17.6
-- Dumped by pg_dump version 17.6

SET statement_timeout = 0;
SET lock_timeout = 0;
SET idle_in_transaction_session_timeout = 0;
SET transaction_timeout = 0;
SET client_encoding = 'UTF8';
SET standard_conforming_strings = on;
SELECT pg_catalog.set_config('search_path', '', false);
SET check_function_bodies = false;
SET xmloption = content;
SET client_min_messages = warning;
SET row_security = off;

--
-- Data for Name: users; Type: TABLE DATA; Schema: public; Owner: postgres
--

COPY public.users (id, name, email, profile_text, avatar_url, created_at, updated_at) FROM stdin;
00000000-0000-0000-0000-000000000002	Bob	bob@example.test	\N	00000000-0000-0000-0000-000000000002/avatar.png	2026-03-13 00:09:21.592598+00	2026-03-13 00:09:21.592598+00
00000000-0000-0000-0000-000000000003	Charlie	charlie@example.test	\N	00000000-0000-0000-0000-000000000003/avatar.png	2026-03-13 00:09:21.592598+00	2026-03-13 00:09:21.592598+00
00000000-0000-0000-0000-000000000001	Alice-6	alice@example.test	自己紹介テスト6	00000000-0000-0000-0000-000000000001/avatar.png	2026-03-13 00:09:21.592598+00	2026-03-16 06:37:14.907+00
d80099a0-66e1-453f-ae7a-6f9e3af07750	メール認証ユーザー	newuser@example.test	\N	\N	2026-03-16 11:34:47.700675+00	2026-03-16 11:34:47.700675+00
68f77a15-4582-46b5-a75e-90e402652888	メール認証完了ユーザー	newuser02@example.test	\N	\N	2026-03-17 00:19:25.046229+00	2026-03-17 00:19:25.046229+00
bcbb1670-1f55-4321-bbd9-b05dcaa556c9	認証ユーザー３	newuser03@example.test	\N	\N	2026-03-17 00:26:28.473781+00	2026-03-17 00:26:28.473781+00
df812d01-23e7-48e6-a906-4493ba7679ed	メール認証ユーザー4	newuser04@example.test	\N	\N	2026-03-17 00:50:43.739784+00	2026-03-17 00:50:43.739784+00
a1eb0a6c-44a3-4893-b50d-3861c88856ce	メール認証ユーザー５	newuser05@example.test	\N	\N	2026-03-17 01:16:37.363544+00	2026-03-17 01:16:37.363544+00
f7efd216-7fed-4f1a-8f8c-b779bcd75031	メール認証ユーザー6	newuser06@example.test	\N	\N	2026-03-17 01:21:22.584343+00	2026-03-17 01:21:22.584343+00
23a0c48b-dcd9-4346-a904-5f5781839bb8	メール認証ユーザー7	newuser07@example.test	\N	\N	2026-03-17 01:30:28.047045+00	2026-03-17 01:30:28.047045+00
46f56cd3-6721-4dbf-b832-d7b34ea7ac94	ミドル	newuser-middle@example.test	自己紹介	46f56cd3-6721-4dbf-b832-d7b34ea7ac94/avatar.png	2026-03-17 04:57:40.618653+00	2026-03-17 04:58:36.525+00
\.


--
-- Data for Name: follows; Type: TABLE DATA; Schema: public; Owner: postgres
--

COPY public.follows (id, follower_id, followee_id, created_at) FROM stdin;
7	00000000-0000-0000-0000-000000000001	00000000-0000-0000-0000-000000000002	2026-03-17 06:43:20.874959+00
\.


--
-- Data for Name: tweets; Type: TABLE DATA; Schema: public; Owner: postgres
--

COPY public.tweets (id, user_id, parent_id, content, created_at, updated_at) FROM stdin;
1	00000000-0000-0000-0000-000000000002	\N	これはテスト投稿の 1 件目です。無限スクロールのテスト中！	2026-03-12 23:09:21.592598+00	2026-03-13 00:09:21.592598+00
2	00000000-0000-0000-0000-000000000003	\N	これはテスト投稿の 2 件目です。無限スクロールのテスト中！	2026-03-12 22:09:21.592598+00	2026-03-13 00:09:21.592598+00
3	00000000-0000-0000-0000-000000000001	\N	これはテスト投稿の 3 件目です。無限スクロールのテスト中！	2026-03-12 21:09:21.592598+00	2026-03-13 00:09:21.592598+00
4	00000000-0000-0000-0000-000000000002	\N	これはテスト投稿の 4 件目です。無限スクロールのテスト中！	2026-03-12 20:09:21.592598+00	2026-03-13 00:09:21.592598+00
5	00000000-0000-0000-0000-000000000003	\N	これはテスト投稿の 5 件目です。無限スクロールのテスト中！	2026-03-12 19:09:21.592598+00	2026-03-13 00:09:21.592598+00
6	00000000-0000-0000-0000-000000000001	\N	これはテスト投稿の 6 件目です。無限スクロールのテスト中！	2026-03-12 18:09:21.592598+00	2026-03-13 00:09:21.592598+00
7	00000000-0000-0000-0000-000000000002	\N	これはテスト投稿の 7 件目です。無限スクロールのテスト中！	2026-03-12 17:09:21.592598+00	2026-03-13 00:09:21.592598+00
8	00000000-0000-0000-0000-000000000003	\N	これはテスト投稿の 8 件目です。無限スクロールのテスト中！	2026-03-12 16:09:21.592598+00	2026-03-13 00:09:21.592598+00
9	00000000-0000-0000-0000-000000000001	\N	これはテスト投稿の 9 件目です。無限スクロールのテスト中！	2026-03-12 15:09:21.592598+00	2026-03-13 00:09:21.592598+00
10	00000000-0000-0000-0000-000000000002	\N	これはテスト投稿の 10 件目です。無限スクロールのテスト中！	2026-03-12 14:09:21.592598+00	2026-03-13 00:09:21.592598+00
11	00000000-0000-0000-0000-000000000003	\N	これはテスト投稿の 11 件目です。無限スクロールのテスト中！	2026-03-12 13:09:21.592598+00	2026-03-13 00:09:21.592598+00
12	00000000-0000-0000-0000-000000000001	\N	これはテスト投稿の 12 件目です。無限スクロールのテスト中！	2026-03-12 12:09:21.592598+00	2026-03-13 00:09:21.592598+00
13	00000000-0000-0000-0000-000000000002	\N	これはテスト投稿の 13 件目です。無限スクロールのテスト中！	2026-03-12 11:09:21.592598+00	2026-03-13 00:09:21.592598+00
14	00000000-0000-0000-0000-000000000003	\N	これはテスト投稿の 14 件目です。無限スクロールのテスト中！	2026-03-12 10:09:21.592598+00	2026-03-13 00:09:21.592598+00
15	00000000-0000-0000-0000-000000000001	\N	これはテスト投稿の 15 件目です。無限スクロールのテスト中！	2026-03-12 09:09:21.592598+00	2026-03-13 00:09:21.592598+00
16	00000000-0000-0000-0000-000000000002	\N	これはテスト投稿の 16 件目です。無限スクロールのテスト中！	2026-03-12 08:09:21.592598+00	2026-03-13 00:09:21.592598+00
17	00000000-0000-0000-0000-000000000003	\N	これはテスト投稿の 17 件目です。無限スクロールのテスト中！	2026-03-12 07:09:21.592598+00	2026-03-13 00:09:21.592598+00
18	00000000-0000-0000-0000-000000000001	\N	これはテスト投稿の 18 件目です。無限スクロールのテスト中！	2026-03-12 06:09:21.592598+00	2026-03-13 00:09:21.592598+00
19	00000000-0000-0000-0000-000000000002	\N	これはテスト投稿の 19 件目です。無限スクロールのテスト中！	2026-03-12 05:09:21.592598+00	2026-03-13 00:09:21.592598+00
20	00000000-0000-0000-0000-000000000003	\N	これはテスト投稿の 20 件目です。無限スクロールのテスト中！	2026-03-12 04:09:21.592598+00	2026-03-13 00:09:21.592598+00
21	00000000-0000-0000-0000-000000000001	\N	これはテスト投稿の 21 件目です。無限スクロールのテスト中！	2026-03-12 03:09:21.592598+00	2026-03-13 00:09:21.592598+00
22	00000000-0000-0000-0000-000000000002	\N	これはテスト投稿の 22 件目です。無限スクロールのテスト中！	2026-03-12 02:09:21.592598+00	2026-03-13 00:09:21.592598+00
23	00000000-0000-0000-0000-000000000003	\N	これはテスト投稿の 23 件目です。無限スクロールのテスト中！	2026-03-12 01:09:21.592598+00	2026-03-13 00:09:21.592598+00
24	00000000-0000-0000-0000-000000000001	\N	これはテスト投稿の 24 件目です。無限スクロールのテスト中！	2026-03-12 00:09:21.592598+00	2026-03-13 00:09:21.592598+00
25	00000000-0000-0000-0000-000000000002	\N	これはテスト投稿の 25 件目です。無限スクロールのテスト中！	2026-03-11 23:09:21.592598+00	2026-03-13 00:09:21.592598+00
26	00000000-0000-0000-0000-000000000003	\N	これはテスト投稿の 26 件目です。無限スクロールのテスト中！	2026-03-11 22:09:21.592598+00	2026-03-13 00:09:21.592598+00
27	00000000-0000-0000-0000-000000000001	\N	これはテスト投稿の 27 件目です。無限スクロールのテスト中！	2026-03-11 21:09:21.592598+00	2026-03-13 00:09:21.592598+00
28	00000000-0000-0000-0000-000000000002	\N	これはテスト投稿の 28 件目です。無限スクロールのテスト中！	2026-03-11 20:09:21.592598+00	2026-03-13 00:09:21.592598+00
29	00000000-0000-0000-0000-000000000003	\N	これはテスト投稿の 29 件目です。無限スクロールのテスト中！	2026-03-11 19:09:21.592598+00	2026-03-13 00:09:21.592598+00
30	00000000-0000-0000-0000-000000000001	\N	これはテスト投稿の 30 件目です。無限スクロールのテスト中！	2026-03-11 18:09:21.592598+00	2026-03-13 00:09:21.592598+00
31	00000000-0000-0000-0000-000000000002	\N	これはテスト投稿の 31 件目です。無限スクロールのテスト中！	2026-03-11 17:09:21.592598+00	2026-03-13 00:09:21.592598+00
32	00000000-0000-0000-0000-000000000003	\N	これはテスト投稿の 32 件目です。無限スクロールのテスト中！	2026-03-11 16:09:21.592598+00	2026-03-13 00:09:21.592598+00
33	00000000-0000-0000-0000-000000000001	\N	これはテスト投稿の 33 件目です。無限スクロールのテスト中！	2026-03-11 15:09:21.592598+00	2026-03-13 00:09:21.592598+00
34	00000000-0000-0000-0000-000000000002	\N	これはテスト投稿の 34 件目です。無限スクロールのテスト中！	2026-03-11 14:09:21.592598+00	2026-03-13 00:09:21.592598+00
35	00000000-0000-0000-0000-000000000003	\N	これはテスト投稿の 35 件目です。無限スクロールのテスト中！	2026-03-11 13:09:21.592598+00	2026-03-13 00:09:21.592598+00
36	00000000-0000-0000-0000-000000000001	\N	これはテスト投稿の 36 件目です。無限スクロールのテスト中！	2026-03-11 12:09:21.592598+00	2026-03-13 00:09:21.592598+00
37	00000000-0000-0000-0000-000000000002	\N	これはテスト投稿の 37 件目です。無限スクロールのテスト中！	2026-03-11 11:09:21.592598+00	2026-03-13 00:09:21.592598+00
38	00000000-0000-0000-0000-000000000003	\N	これはテスト投稿の 38 件目です。無限スクロールのテスト中！	2026-03-11 10:09:21.592598+00	2026-03-13 00:09:21.592598+00
39	00000000-0000-0000-0000-000000000001	\N	これはテスト投稿の 39 件目です。無限スクロールのテスト中！	2026-03-11 09:09:21.592598+00	2026-03-13 00:09:21.592598+00
40	00000000-0000-0000-0000-000000000002	\N	これはテスト投稿の 40 件目です。無限スクロールのテスト中！	2026-03-11 08:09:21.592598+00	2026-03-13 00:09:21.592598+00
41	00000000-0000-0000-0000-000000000003	\N	これはテスト投稿の 41 件目です。無限スクロールのテスト中！	2026-03-11 07:09:21.592598+00	2026-03-13 00:09:21.592598+00
42	00000000-0000-0000-0000-000000000001	\N	これはテスト投稿の 42 件目です。無限スクロールのテスト中！	2026-03-11 06:09:21.592598+00	2026-03-13 00:09:21.592598+00
43	00000000-0000-0000-0000-000000000002	\N	これはテスト投稿の 43 件目です。無限スクロールのテスト中！	2026-03-11 05:09:21.592598+00	2026-03-13 00:09:21.592598+00
44	00000000-0000-0000-0000-000000000003	\N	これはテスト投稿の 44 件目です。無限スクロールのテスト中！	2026-03-11 04:09:21.592598+00	2026-03-13 00:09:21.592598+00
45	00000000-0000-0000-0000-000000000001	\N	これはテスト投稿の 45 件目です。無限スクロールのテスト中！	2026-03-11 03:09:21.592598+00	2026-03-13 00:09:21.592598+00
46	00000000-0000-0000-0000-000000000002	\N	これはテスト投稿の 46 件目です。無限スクロールのテスト中！	2026-03-11 02:09:21.592598+00	2026-03-13 00:09:21.592598+00
47	00000000-0000-0000-0000-000000000003	\N	これはテスト投稿の 47 件目です。無限スクロールのテスト中！	2026-03-11 01:09:21.592598+00	2026-03-13 00:09:21.592598+00
48	00000000-0000-0000-0000-000000000001	\N	これはテスト投稿の 48 件目です。無限スクロールのテスト中！	2026-03-11 00:09:21.592598+00	2026-03-13 00:09:21.592598+00
49	00000000-0000-0000-0000-000000000002	\N	これはテスト投稿の 49 件目です。無限スクロールのテスト中！	2026-03-10 23:09:21.592598+00	2026-03-13 00:09:21.592598+00
50	00000000-0000-0000-0000-000000000003	\N	これはテスト投稿の 50 件目です。無限スクロールのテスト中！	2026-03-10 22:09:21.592598+00	2026-03-13 00:09:21.592598+00
51	00000000-0000-0000-0000-000000000001	\N	これはテスト投稿の 51 件目です。無限スクロールのテスト中！	2026-03-10 21:09:21.592598+00	2026-03-13 00:09:21.592598+00
52	00000000-0000-0000-0000-000000000002	\N	これはテスト投稿の 52 件目です。無限スクロールのテスト中！	2026-03-10 20:09:21.592598+00	2026-03-13 00:09:21.592598+00
53	00000000-0000-0000-0000-000000000003	\N	これはテスト投稿の 53 件目です。無限スクロールのテスト中！	2026-03-10 19:09:21.592598+00	2026-03-13 00:09:21.592598+00
54	00000000-0000-0000-0000-000000000001	\N	これはテスト投稿の 54 件目です。無限スクロールのテスト中！	2026-03-10 18:09:21.592598+00	2026-03-13 00:09:21.592598+00
55	00000000-0000-0000-0000-000000000002	\N	これはテスト投稿の 55 件目です。無限スクロールのテスト中！	2026-03-10 17:09:21.592598+00	2026-03-13 00:09:21.592598+00
56	00000000-0000-0000-0000-000000000003	\N	これはテスト投稿の 56 件目です。無限スクロールのテスト中！	2026-03-10 16:09:21.592598+00	2026-03-13 00:09:21.592598+00
57	00000000-0000-0000-0000-000000000001	\N	これはテスト投稿の 57 件目です。無限スクロールのテスト中！	2026-03-10 15:09:21.592598+00	2026-03-13 00:09:21.592598+00
58	00000000-0000-0000-0000-000000000002	\N	これはテスト投稿の 58 件目です。無限スクロールのテスト中！	2026-03-10 14:09:21.592598+00	2026-03-13 00:09:21.592598+00
59	00000000-0000-0000-0000-000000000003	\N	これはテスト投稿の 59 件目です。無限スクロールのテスト中！	2026-03-10 13:09:21.592598+00	2026-03-13 00:09:21.592598+00
60	00000000-0000-0000-0000-000000000001	\N	これはテスト投稿の 60 件目です。無限スクロールのテスト中！	2026-03-10 12:09:21.592598+00	2026-03-13 00:09:21.592598+00
61	00000000-0000-0000-0000-000000000002	1	返信テスト 1 件目。詳細画面の無限スクロールを検証しています。	2026-03-13 00:08:21.592598+00	2026-03-13 00:09:21.592598+00
62	00000000-0000-0000-0000-000000000003	1	返信テスト 2 件目。詳細画面の無限スクロールを検証しています。	2026-03-13 00:07:21.592598+00	2026-03-13 00:09:21.592598+00
63	00000000-0000-0000-0000-000000000001	1	返信テスト 3 件目。詳細画面の無限スクロールを検証しています。	2026-03-13 00:06:21.592598+00	2026-03-13 00:09:21.592598+00
64	00000000-0000-0000-0000-000000000002	1	返信テスト 4 件目。詳細画面の無限スクロールを検証しています。	2026-03-13 00:05:21.592598+00	2026-03-13 00:09:21.592598+00
65	00000000-0000-0000-0000-000000000003	1	返信テスト 5 件目。詳細画面の無限スクロールを検証しています。	2026-03-13 00:04:21.592598+00	2026-03-13 00:09:21.592598+00
66	00000000-0000-0000-0000-000000000001	1	返信テスト 6 件目。詳細画面の無限スクロールを検証しています。	2026-03-13 00:03:21.592598+00	2026-03-13 00:09:21.592598+00
67	00000000-0000-0000-0000-000000000002	1	返信テスト 7 件目。詳細画面の無限スクロールを検証しています。	2026-03-13 00:02:21.592598+00	2026-03-13 00:09:21.592598+00
68	00000000-0000-0000-0000-000000000003	1	返信テスト 8 件目。詳細画面の無限スクロールを検証しています。	2026-03-13 00:01:21.592598+00	2026-03-13 00:09:21.592598+00
69	00000000-0000-0000-0000-000000000001	1	返信テスト 9 件目。詳細画面の無限スクロールを検証しています。	2026-03-13 00:00:21.592598+00	2026-03-13 00:09:21.592598+00
70	00000000-0000-0000-0000-000000000002	1	返信テスト 10 件目。詳細画面の無限スクロールを検証しています。	2026-03-12 23:59:21.592598+00	2026-03-13 00:09:21.592598+00
71	00000000-0000-0000-0000-000000000003	1	返信テスト 11 件目。詳細画面の無限スクロールを検証しています。	2026-03-12 23:58:21.592598+00	2026-03-13 00:09:21.592598+00
72	00000000-0000-0000-0000-000000000001	1	返信テスト 12 件目。詳細画面の無限スクロールを検証しています。	2026-03-12 23:57:21.592598+00	2026-03-13 00:09:21.592598+00
73	00000000-0000-0000-0000-000000000002	1	返信テスト 13 件目。詳細画面の無限スクロールを検証しています。	2026-03-12 23:56:21.592598+00	2026-03-13 00:09:21.592598+00
74	00000000-0000-0000-0000-000000000003	1	返信テスト 14 件目。詳細画面の無限スクロールを検証しています。	2026-03-12 23:55:21.592598+00	2026-03-13 00:09:21.592598+00
75	00000000-0000-0000-0000-000000000001	1	返信テスト 15 件目。詳細画面の無限スクロールを検証しています。	2026-03-12 23:54:21.592598+00	2026-03-13 00:09:21.592598+00
76	00000000-0000-0000-0000-000000000002	1	返信テスト 16 件目。詳細画面の無限スクロールを検証しています。	2026-03-12 23:53:21.592598+00	2026-03-13 00:09:21.592598+00
77	00000000-0000-0000-0000-000000000003	1	返信テスト 17 件目。詳細画面の無限スクロールを検証しています。	2026-03-12 23:52:21.592598+00	2026-03-13 00:09:21.592598+00
78	00000000-0000-0000-0000-000000000001	1	返信テスト 18 件目。詳細画面の無限スクロールを検証しています。	2026-03-12 23:51:21.592598+00	2026-03-13 00:09:21.592598+00
79	00000000-0000-0000-0000-000000000002	1	返信テスト 19 件目。詳細画面の無限スクロールを検証しています。	2026-03-12 23:50:21.592598+00	2026-03-13 00:09:21.592598+00
80	00000000-0000-0000-0000-000000000003	1	返信テスト 20 件目。詳細画面の無限スクロールを検証しています。	2026-03-12 23:49:21.592598+00	2026-03-13 00:09:21.592598+00
81	00000000-0000-0000-0000-000000000001	1	返信テスト 21 件目。詳細画面の無限スクロールを検証しています。	2026-03-12 23:48:21.592598+00	2026-03-13 00:09:21.592598+00
82	00000000-0000-0000-0000-000000000002	1	返信テスト 22 件目。詳細画面の無限スクロールを検証しています。	2026-03-12 23:47:21.592598+00	2026-03-13 00:09:21.592598+00
83	00000000-0000-0000-0000-000000000003	1	返信テスト 23 件目。詳細画面の無限スクロールを検証しています。	2026-03-12 23:46:21.592598+00	2026-03-13 00:09:21.592598+00
84	00000000-0000-0000-0000-000000000001	1	返信テスト 24 件目。詳細画面の無限スクロールを検証しています。	2026-03-12 23:45:21.592598+00	2026-03-13 00:09:21.592598+00
85	00000000-0000-0000-0000-000000000002	1	返信テスト 25 件目。詳細画面の無限スクロールを検証しています。	2026-03-12 23:44:21.592598+00	2026-03-13 00:09:21.592598+00
86	00000000-0000-0000-0000-000000000003	1	返信テスト 26 件目。詳細画面の無限スクロールを検証しています。	2026-03-12 23:43:21.592598+00	2026-03-13 00:09:21.592598+00
87	00000000-0000-0000-0000-000000000001	1	返信テスト 27 件目。詳細画面の無限スクロールを検証しています。	2026-03-12 23:42:21.592598+00	2026-03-13 00:09:21.592598+00
88	00000000-0000-0000-0000-000000000002	1	返信テスト 28 件目。詳細画面の無限スクロールを検証しています。	2026-03-12 23:41:21.592598+00	2026-03-13 00:09:21.592598+00
89	00000000-0000-0000-0000-000000000003	1	返信テスト 29 件目。詳細画面の無限スクロールを検証しています。	2026-03-12 23:40:21.592598+00	2026-03-13 00:09:21.592598+00
90	00000000-0000-0000-0000-000000000001	1	返信テスト 30 件目。詳細画面の無限スクロールを検証しています。	2026-03-12 23:39:21.592598+00	2026-03-13 00:09:21.592598+00
91	00000000-0000-0000-0000-000000000001	\N	投稿テスト3月16日	2026-03-16 03:35:08.99291+00	2026-03-16 03:35:08.99291+00
92	00000000-0000-0000-0000-000000000001	\N	投稿テスト１２３\n	2026-03-16 03:58:21.319842+00	2026-03-16 03:58:21.319842+00
93	00000000-0000-0000-0000-000000000001	\N	プロフィール画面からの投稿	2026-03-16 03:58:55.083209+00	2026-03-16 03:58:55.083209+00
100	00000000-0000-0000-0000-000000000001	93	反映テスト	2026-03-16 07:21:55.609106+00	2026-03-16 07:21:55.609106+00
101	00000000-0000-0000-0000-000000000001	93	反映テスト２	2026-03-16 07:22:15.839683+00	2026-03-16 07:22:15.839683+00
102	00000000-0000-0000-0000-000000000001	100	反映テストへの送信	2026-03-16 07:23:19.074429+00	2026-03-16 07:23:19.074429+00
103	46f56cd3-6721-4dbf-b832-d7b34ea7ac94	93	返信	2026-03-17 04:58:20.436749+00	2026-03-17 04:58:20.436749+00
\.


--
-- Data for Name: likes; Type: TABLE DATA; Schema: public; Owner: postgres
--

COPY public.likes (id, user_id, tweet_id, created_at) FROM stdin;
3	00000000-0000-0000-0000-000000000001	1	2026-03-13 05:17:13.128951+00
4	00000000-0000-0000-0000-000000000001	3	2026-03-13 05:17:15.757997+00
5	00000000-0000-0000-0000-000000000001	2	2026-03-13 05:17:17.906027+00
12	00000000-0000-0000-0000-000000000001	66	2026-03-13 05:53:57.092913+00
19	00000000-0000-0000-0000-000000000001	4	2026-03-17 06:42:14.514666+00
20	00000000-0000-0000-0000-000000000001	5	2026-03-17 06:42:15.17355+00
24	00000000-0000-0000-0000-000000000001	91	2026-03-24 00:44:49.142231+00
25	00000000-0000-0000-0000-000000000001	6	2026-03-24 00:44:56.512051+00
26	00000000-0000-0000-0000-000000000001	7	2026-03-24 00:45:07.799707+00
27	00000000-0000-0000-0000-000000000001	8	2026-03-24 00:45:16.168813+00
28	00000000-0000-0000-0000-000000000001	9	2026-03-24 00:45:16.758012+00
29	00000000-0000-0000-0000-000000000001	10	2026-03-24 00:45:21.39594+00
30	00000000-0000-0000-0000-000000000001	11	2026-03-24 00:45:22.301061+00
31	00000000-0000-0000-0000-000000000001	12	2026-03-24 00:45:24.148874+00
32	00000000-0000-0000-0000-000000000001	13	2026-03-24 00:45:26.667281+00
33	00000000-0000-0000-0000-000000000001	14	2026-03-24 00:45:28.441853+00
34	00000000-0000-0000-0000-000000000001	16	2026-03-24 00:45:29.681572+00
35	00000000-0000-0000-0000-000000000001	15	2026-03-24 00:45:29.68165+00
40	00000000-0000-0000-0000-000000000001	17	2026-03-24 03:12:01.661405+00
41	00000000-0000-0000-0000-000000000001	18	2026-03-24 03:12:11.896684+00
45	00000000-0000-0000-0000-000000000001	92	2026-03-24 05:41:09.371364+00
49	00000000-0000-0000-0000-000000000001	93	2026-03-24 06:09:13.903525+00
\.


--
-- Name: follows_id_seq; Type: SEQUENCE SET; Schema: public; Owner: postgres
--

SELECT pg_catalog.setval('public.follows_id_seq', 7, true);


--
-- Name: likes_id_seq; Type: SEQUENCE SET; Schema: public; Owner: postgres
--

SELECT pg_catalog.setval('public.likes_id_seq', 49, true);


--
-- Name: tweets_id_seq; Type: SEQUENCE SET; Schema: public; Owner: postgres
--

SELECT pg_catalog.setval('public.tweets_id_seq', 103, true);


--
-- PostgreSQL database dump complete
--

\unrestrict StyXzbTlREqBEthYs0BRlarTEAg1cdts5otHGcy50gYVZ4e6JUchOxvJynui4uk

